Sample No. , E_mu, beta, sig_y, sig_mu, rho
 True value: ,0.1, 0.9, 0.15, 0.1, -0.5
Starting point: , 0.05, 0.5, 1, 1, -0.8 
1 , 0.0814431, 0.92225, 0.153509, 0.0827883, -0.773519
2 , 0.0808487, 0.910464, 0.145574, 0.0902511, -0.807749
3 , 0.0810548, 0.916586, 0.149336, 0.0865775, -0.790881

Elapsed Time in total: 222.384 [sec]
